tx_count,tx_frequency,tx_regularity,avg_amount,amount_variance,unique_counterparties,counterparty_concentration,income_regularity,history_length_days,max_gap_days,net_flow,consistency_score,label
10,0.2592592592592593,0.8176273024472501,754.903,0.03381773233383682,3,0.33999999999999997,34.122119147537674,270.0,31.293541666666666,43.61000000000013,0.9699307488604367,98
13,0.5449101796407185,15.314471051278348,415.9223076923077,0.2857733814990801,7,0.17159763313609472,27.225377482941493,167.0,56.37164351851852,793.4100000000003,0.6758194369162092,46
5,0.15350877192982457,32.99957200414779,3932.286,0.19729916251870366,5,0.20000000000000004,56.81363192520382,228.0,94.39856481481482,4101.8099999999995,0.5769104166225347,4
8,0.26540284360189575,1.035070170681084,633.82875,0.019043855573547527,3,0.34375,65.69165219082642,211.0,31.575069444444445,-1241.21,0.9736112064946199,100
39,1.2580645161290323,4.666756448293973,1035.2041025641024,0.28790825290251454,8,0.1794871794871795,7.907836880278578,217.0,18.943645833333335,6792.439999999999,0.8028836728362954,64
11,0.2619047619047619,20.548063016299203,2627.231818181818,0.6047220193034896,11,0.09090909090909091,23.66948059293666,294.0,63.51751157407407,2355.8499999999967,0.5251745118335616,1
7,0.2737430167597765,0.9254629873023895,1816.4957142857145,0.027127481189839566,3,0.42857142857142855,0.0,179.0,30.96519675925926,-9094.830000000002,0.9714296828901141,91
30,1.4685314685314685,6.145501569973522,396.74500000000006,0.27847680943102204,8,0.16666666666666669,9.842157011420575,143.0,24.403495370370372,1459.3700000000008,0.7858526506769874,48
12,0.24137931034482757,26.116573176807815,2289.0991666666664,0.6146080097681177,12,0.08333333333333334,71.91026187427225,348.0,81.70133101851852,-5450.530000000001,0.4797865153483589,21
8,0.2679425837320574,0.6841975208633565,1750.2662500000001,0.03764489591488544,3,0.34375,106.06982278739477,209.0,31.064444444444444,-3553.9100000000008,0.9702531925607373,97
19,0.6186046511627907,10.070349001557364,630.2657894736842,0.27560995110358005,7,0.16897506925207756,23.05323840320534,215.0,27.849502314814814,-370.2500000000009,0.7369809998258596,69
3,0.12352941176470589,45.669817288147904,3804.736666666666,0.12917667247135253,3,0.3333333333333333,0.0,170.0,117.52064814814815,-4369.27,0.5485110859183618,24
38,1.027027027027027,1.0292932978475353,618.6565789473684,0.031621891447662455,3,0.3642659279778393,9.096540578013625,259.0,8.884699074074074,-2492.51,0.9675724908607541,99
17,0.6102564102564102,6.7287446157768995,280.6223529411764,0.33907390173366736,7,0.15570934256055363,12.949418976751916,195.0,22.005208333333332,1742.2199999999996,0.755755987772471,42
7,0.19140625,50.227922209737365,2296.52,0.5610652562810153,7,0.14285714285714285,53.290084387724356,256.0,117.97483796296297,6447.139999999999,0.3790234895130567,25
12,0.5419354838709678,0.7621011125205143,1150.6241666666665,0.028571443516237208,3,0.3472222222222222,15.671786101475686,155.0,15.32607638888889,-22.209999999999127,0.9733747203528712,78
27,0.8076923076923076,9.423578369785428,393.46074074074073,0.2856333236315042,8,0.13031550068587106,17.636802487251913,234.0,46.368356481481484,-835.6799999999976,0.7409850172435408,48
12,0.24705882352941178,26.126673179741168,1593.4066666666665,0.7581167111302219,12,0.08333333333333334,20.777152374135596,340.0,80.81277777777778,6306.880000000001,0.4435636151602148,18
19,0.5298804780876495,1.1799127914114607,756.9547368421054,0.03349661960515746,3,0.34072022160664817,18.485788971791713,251.0,15.852974537037037,628.0199999999995,0.9642455770510157,77
13,0.5416666666666666,9.679764168218794,659.6084615384615,0.25473288027808055,6,0.19526627218934917,25.110892144445526,168.0,26.37472222222222,-31.74999999999909,0.7496722167108838,62
13,0.2541899441340782,33.293804372436206,1728.4669230769234,0.8328737814765648,13,0.07692307692307694,46.225786135104656,358.0,121.4081712962963,-8270.71,0.38221250187091105,0
6,0.28378378378378377,1.4559356823724796,1537.1350000000002,0.0204694201276956,3,0.3888888888888889,1.3985815890566722,148.0,31.34320601851852,3123.03,0.9661831416229896,97
24,0.7466666666666666,7.5007497370510166,113.89375,0.26841673234531394,7,0.17013888888888892,15.87831478663665,225.0,23.830891203703704,-191.8499999999999,0.7716852029102215,61
8,0.21052631578947367,23.600159504380233,2983.8975,0.5795235204674896,8,0.125,0.0,266.0,67.32491898148149,-16933.059999999998,0.5077614623087159,35
17,0.5336322869955157,0.9377503377301294,763.8564705882353,0.0297915993356487,3,0.33564013840830453,11.785396303286102,223.0,15.334733796296296,3708.540000000002,0.9699364713863354,82
27,1.1886792452830188,4.2408363865657215,861.7270370370372,0.2800734754799224,8,0.17695473251028804,15.73306544920639,159.0,17.566423611111112,-1026.1700000000037,0.8119519353705715,65
9,0.23684210526315788,36.13875891980258,2788.542222222222,0.43027964804172264,9,0.1111111111111111,59.76736721717657,266.0,111.35842592592593,-6545.580000000002,0.4750657612551543,38
34,1.0347826086956522,0.6712004586151037,963.4255882352942,0.031040440173663027,3,0.36159169550173015,8.67896742419052,230.0,8.404884259259259,-1828.3499999999985,0.9736557233433645,90
29,2.3604651162790695,2.7773269922845936,557.8906896551724,0.3098680706786228,7,0.16765755053507733,4.097710445359924,86.0,11.35300925925926,3432.75,0.8225611130587978,48
8,0.17665615141955837,27.94835262410907,2892.45125,0.3953268354483565,8,0.125,0.0,317.0,76.1583912037037,-14812.89,0.5336890958533296,9
34,1.0303030303030303,0.8936854682070056,1297.1838235294117,0.0272433858257591,3,0.3788927335640138,6.746352819868147,231.0,8.639930555555555,12747.190000000002,0.9718870933540691,77
19,0.6683417085427136,9.330249466499538,436.4031578947368,0.26022528096405423,7,0.23545706371191136,15.016395179053386,199.0,34.56021990740741,435.47999999999956,0.7517928425496676,46
14,0.2857142857142857,31.244071462799898,2814.2299999999996,0.6162937166431887,14,0.07142857142857142,48.40349568943274,343.0,96.35355324074074,20006.239999999998,0.4464388662159826,8
17,0.53125,0.763656425349675,1767.8923529411763,0.03369713155580465,3,0.34256055363321797,13.442069001881746,224.0,15.641909722222222,8793.77,0.9708651655729393,80
34,1.391812865497076,5.621903193524245,382.6070588235294,0.2493404832106546,8,0.12975778546712805,9.906819936731893,171.0,26.78648148148148,559.3199999999997,0.8042146426820442,51
6,0.24137931034482757,23.010695312596333,3151.483333333333,0.33546650826022595,6,0.16666666666666669,33.35138005127172,174.0,61.00582175925926,4525.499999999999,0.5896989414012328,31
15,0.5357142857142857,0.6872888984571482,627.2379999999999,0.0315949574863642,3,0.34222222222222226,12.072756339554791,196.0,14.911435185185185,1819.8900000000003,0.9731248754507841,87
39,2.3135593220338984,2.758067410374911,118.05153846153844,0.2840019233413022,8,0.14398422090729784,4.2728047065883334,118.0,13.383333333333333,-262.9899999999998,0.8324645529082049,46
9,0.20063694267515925,16.3486804576573,2483.0588888888888,0.4781476168811007,9,0.1111111111111111,30.722340696568846,314.0,58.60469907407408,111.51000000000022,0.599898983043847,22
30,1.0396039603960396,0.8950759237129131,866.8059999999999,0.026653112296576662,3,0.3600000000000001,7.42921565379806,202.0,8.601724537037038,5161.120000000001,0.9721518893444921,100
31,2.8181818181818183,2.4225756339052698,831.4206451612905,0.32629865986699824,8,0.1383975026014568,5.324146018398467,77.0,7.9586805555555555,2054.840000000002,0.8220057942593091,53
15,0.32507739938080493,26.3315711442519,1816.288,0.546827059651265,15,0.06666666666666667,29.260695763404044,323.0,108.04143518518518,2612.0199999999986,0.49725672026990936,37
8,0.26666666666666666,0.48676245354151887,953.6975,0.022773503090039802,2,0.625,68.93879629853774,210.0,30.807164351851853,-32.73999999999978,0.9806946818276343,82
16,1.4545454545454546,6.3066737900885625,328.2325,0.28723242152696943,6,0.2109375,7.402006201819534,77.0,19.10741898148148,1608.7800000000002,0.780370628873535,46
13,0.2826086956521739,27.203008826291292,2336.8646153846153,0.7679204399148875,13,0.07692307692307694,37.998052995999025,322.0,86.62559027777777,-12195.22,0.43390232011767105,14
17,0.5336322869955157,0.764435087908819,645.8682352941177,0.023450423454948258,3,0.3633217993079585,10.794838523147224,223.0,15.555902777777778,601.8399999999983,0.9758315681925283,90
18,0.7974683544303797,8.834016233986976,535.3716666666666,0.2947211410863612,7,0.18518518518518523,14.988565300492418,158.0,33.67224537037037,-178.22999999999865,0.7448338047340609,68
6,0.1510791366906475,61.02496432188736,1948.0366666666666,0.8691589248791926,6,0.16666666666666669,80.4579241264422,278.0,150.10824074074074,-7859.720000000001,0.275046825518385,27
51,1.0229226361031518,0.8241333440978189,888.9200000000001,0.03115237164154683,3,0.34256055363321797,16.15874010845179,349.0,8.818495370370371,-9838.039999999994,0.971115325812048,82
16,1.8064516129032258,4.465741576938174,626.705625,0.22587623911811142,7,0.1640625,3.3458819263230963,62.0,18.38482638888889,1746.17,0.8297541275882337,41
10,0.26515151515151514,22.044058625634232,2095.04,0.6355688751386964,10,0.10000000000000003,17.72036455757047,264.0,69.00773148148149,313.5599999999995,0.5046172696763371,25
30,1.044776119402985,0.8497885431624215,1729.2396666666668,0.0323489871178363,3,0.3622222222222222,7.818905470143152,201.0,8.589930555555556,6851.689999999999,0.9701198938849498,80
10,1.0294117647058825,5.459343852195543,875.0810000000001,0.3588971266706143,4,0.26,7.585339673417615,68.0,19.86315972222222,2412.3299999999995,0.766032885973283,60
8,0.19112627986348124,26.8363860141188,2525.7737500000003,0.3449179858904302,8,0.125,40.477552035747586,293.0,84.32481481481481,5513.069999999999,0.5585357532838333,14
17,0.53125,1.008741178538737,1295.1835294117645,0.027699877053118046,3,0.33564013840830453,10.189221873153178,224.0,15.53375,6426.720000000001,0.9698072839545917,86
16,0.9824561403508772,6.882523035283581,885.991875,0.22296215582003834,7,0.1796875,14.264305761665067,114.0,23.76167824074074,5150.809999999999,0.7975708673853508,62
12,0.31698113207547174,20.166214836087228,2681.8175,0.40152220216313667,12,0.08333333333333334,43.218592311037504,265.0,69.1734375,-2137.6899999999987,0.5899404297881952,16
7,0.2737430167597765,0.947709629218732,1621.457142857143,0.03876949570257695,3,0.42857142857142855,0.0,179.0,31.25761574074074,-11350.2,0.9654379312844756,87
12,0.6222222222222222,14.861520738890064,435.21999999999997,0.21155628634375176,7,0.16666666666666666,0.0,135.0,49.420138888888886,-3131.28,0.7093302939470315,59
3,0.18103448275862066,7.610539544451976,1749.9333333333334,1.3446726706588852,3,0.3333333333333333,0.0,116.0,63.569895833333334,-5249.8,0.5182807289951288,4
15,0.5384615384615384,0.8568614926122834,796.67,0.035023512157275595,3,0.34222222222222226,36.85443212690798,195.0,15.494930555555555,-3868.8899999999994,0.9687123513885671,84
27,1.125,6.554247118875399,443.08666666666664,0.27056928920003376,8,0.18244170096021947,9.136395068073723,168.0,30.582800925925927,-182.0600000000013,0.7833443421429788,43
13,0.3053691275167785,26.475634378008312,2567.2800000000007,0.5931570249789777,13,0.07692307692307694,52.40245064843525,298.0,81.05965277777777,-5841.840000000004,0.48315925986095526,33
7,0.2722222222222222,0.6028634416513647,1983.7499999999998,0.035784426422880086,2,0.5918367346938775,16.9722039398752,180.0,30.75681712962963,5657.75,0.9724766932862275,76
40,1.971830985915493,3.628877069802251,521.33125,0.2730977137496106,8,0.1475,6.169762344337438,142.0,19.537141203703705,-2195.210000000001,0.8235427736943755,66
12,0.23863636363636365,31.437350046233032,2400.603333333333,0.6581420353437907,12,0.08333333333333334,57.65560064078019,352.0,97.931875,10175.9,0.4342409087408119,35
7,0.2737430167597765,0.9151227746115687,1696.3799999999999,0.01491570952096183,3,0.3877551020408163,40.83384526512048,179.0,31.341550925925926,-1790.420000000001,0.9775757205924167,95
26,0.9145728643216081,6.685196535242397,843.2726923076924,0.31179676075704776,8,0.14497041420118345,23.18965426132654,199.0,26.195219907407406,-10390.109999999999,0.7661866405263612,40
8,0.18791946308724833,36.95416363950041,2530.60625,0.6008230158373126,8,0.125,19.197256416986164,298.0,120.55788194444445,1243.430000000002,0.4200627370169613,33
12,0.5526315789473684,0.5292317918578681,1221.6766666666665,0.023515224963845237,3,0.3472222222222222,7.782307278839983,152.0,14.870763888888888,-45.4399999999996,0.9796363681084402,100
20,0.8333333333333334,7.662657330177754,418.9865,0.35729108387038694,8,0.14500000000000002,20.007390155552233,168.0,28.901875,-1519.3899999999994,0.7370792280068688,60
5,0.1417004048582996,38.22219935550581,2288.266,0.6073385880676555,5,0.20000000000000004,0.0,247.0,112.21391203703703,-4623.2699999999995,0.41224445459165787,7
12,0.5454545454545454,0.5519828150998259,1288.105,0.03308831319397057,3,0.43055555555555564,0.0,154.0,14.627881944444445,-10431.699999999999,0.9746109629178465,95
25,0.8064516129032258,11.91247819360147,947.9972,0.2600699440781162,7,0.1616,15.704912811879762,217.0,45.07627314814815,-7823.669999999999,0.7216380729972132,54
15,0.30346820809248554,20.956076416749386,2446.9420000000005,0.4489253359227402,15,0.06666666666666667,44.99146558807742,346.0,78.12104166666667,-14636.890000000003,0.5678133262613421,11
23,0.5227272727272727,0.8917740719797403,767.5052173913044,0.027841168002563758,3,0.3383742911153119,36.05860790409544,308.0,15.790300925925926,-8232.080000000002,0.9716272446619334,91
30,1.5789473684210527,4.092044340820349,650.7273333333334,0.24784159255548746,8,0.14666666666666667,6.679077845885612,133.0,17.167696759259258,6256.0999999999985,0.8264879217895752,71
2,0.08641975308641975,0.0,2747.755,0.4990874231876576,2,0.5,0.0,162.0,162.7826851851852,-5495.51,0.8035422090818962,6
34,1.0258620689655171,0.864119310448624,1726.2811764705884,0.02732394227575489,3,0.3494809688581315,7.683678214361826,232.0,8.665416666666667,6911.279999999999,0.9723264414104746,76
36,1.909090909090909,3.773221136772976,582.9888888888888,0.28536385682620635,7,0.17129629629629634,7.596338485421302,132.0,16.816458333333333,1048.319999999998,0.8167773797074238,72
10,0.1994301994301994,52.70864365464752,3024.532,0.48563633064670864,10,0.10000000000000003,109.05432818394877,351.0,165.0951851851852,7365.380000000001,0.39393755487084714,13
12,0.2545454545454545,0.9215367716135402,1430.5375000000001,0.023451901040944485,3,0.375,12.688836957669919,330.0,31.491875,-81.47000000000116,0.9732850328535999,100
32,1.5886524822695036,5.41680206083551,543.199375,0.2991544242770312,8,0.140625,18.983932418982718,141.0,26.74646990740741,-6705.259999999998,0.7881237185966281,52
4,0.1278538812785388,38.485555858493534,1859.725,0.27444881474513755,4,0.25,0.0,219.0,109.91863425925926,790.0000000000009,0.5186182048088566,16
6,0.2781456953642384,1.0193773974445295,672.4716666666666,0.020891807501225837,3,0.5,16.979388926923047,151.0,31.53351851851852,1355.3099999999997,0.9729582394780467,91
17,1.5256410256410258,3.143502103312056,739.1741176470589,0.26232051837950404,7,0.18339100346020762,11.58529515744391,78.0,10.121782407407407,-5997.68,0.8348919858507928,74
10,0.44871794871794873,18.386662519446034,2049.183,0.7226487054529716,10,0.10000000000000003,21.870246461008144,156.0,63.55545138888889,9242.970000000001,0.5136241136775455,37
11,0.25752508361204013,0.7618608895344604,537.5727272727272,0.030076341148438896,3,0.3553719008264462,24.172278794422116,299.0,31.4909375,-519.6799999999998,0.9726479191283566,88
28,1.12,9.02604469838417,892.9853571428572,0.2366420230457629,8,0.1377551020408163,20.253823455132792,175.0,35.18006944444444,-3308.2299999999996,0.7647245664075404,70
2,0.411764705882353,0.0,2686.135,1.1516389970730139,2,0.5,0.0,34.0,34.538773148148145,5372.27,0.6580591138505295,28
12,0.5454545454545454,0.8912412803867522,890.2925,0.02803060665684087,3,0.37500000000000006,11.652852850504464,154.0,15.558912037037038,-74.39000000000033,0.9715437546448591,75
26,1.3284671532846715,3.4889426827630037,103.99269230769231,0.2690497203716768,8,0.13905325443786984,4.724013061156021,137.0,15.104965277777778,-750.73,0.8271575423572521,57
6,0.12,77.59173326890188,2019.6333333333332,0.7496317467753658,6,0.16666666666666669,0.0,350.0,204.71104166666666,-5046.82,0.27391590181897124,3
12,0.5490196078431372,0.8267859932188598,1814.7825,0.03032855050176701,3,0.3472222222222222,7.795869819342843,153.0,15.136203703703703,37.61000000000058,0.9714717557889769,80
35,2.168141592920354,2.7332311131502025,431.5885714285714,0.2957484318797574,8,0.13795918367346938,4.805391219909297,113.0,9.800462962962962,-1213.5800000000008,0.8284469727533479,45
5,0.12589928057553956,62.66824172006568,1385.59,0.9012811442778809,5,0.20000000000000004,0.0,278.0,154.19667824074074,2778.05,0.2649336301829522,36
15,0.5412371134020618,1.0111931738212103,627.8206666666667,0.025983944410219135,3,0.44,6.91633643247674,194.0,15.703460648148148,-606.1499999999996,0.9706030135616865,100
28,1.8666666666666667,3.747961898661581,596.4760714285715,0.2968355274942647,8,0.12755102040816324,7.00207642555573,105.0,13.592395833333333,-5110.030000000001,0.8128615456408244,46
3,0.06542056074766356,146.9018020762871,1583.0466666666664,0.5026015159022439,3,0.3333333333333333,0.0,321.0,264.3765046296296,242.48000000000002,0.3062129044411931,15
11,0.25752508361204013,0.8337809766887306,1461.4009090909092,0.03334954641737175,3,0.371900826446281,16.579304216520345,299.0,31.266238425925927,1658.79,0.9698951918067219,84
21,0.9130434782608695,7.105140023959658,262.23428571428565,0.2964693123385158,7,0.1609977324263038,13.688358578030227,161.0,23.710949074074072,1001.7799999999997,0.7662787778155029,58
15,0.3191489361702128,19.41033729522536,2074.564,0.6812459004760397,15,0.06666666666666667,46.75408338878047,329.0,62.01636574074074,-2712.779999999995,0.514797284824012,0
12,0.2545454545454545,0.9145198151997949,912.0775,0.02625734080026165,3,0.3472222222222222,76.11251497474315,330.0,31.518032407407407,-3619.0099999999993,0.9720301716149802,75
10,0.41916167664670656,12.71840184086126,108.49000000000001,0.3805654320477006,6,0.20000000000000004,16.246706709751365,167.0,37.820844907407405,-140.2199999999999,0.6689667933211743,43
4,0.0975609756097561,88.12279684544075,3276.2374999999997,0.3805545997931936,4,0.25,0.0,287.0,174.67241898148148,-163.72999999999956,0.36824209780578276,5
19,0.532,0.8154579845683188,1360.594736842105,0.035048993034460255,3,0.335180055401662,22.654883221103077,250.0,15.835,-4110.079999999998,0.969371140377371,89
27,1.111764705882353,4.886031128242075,535.6481481481482,0.31329666072869167,8,0.17695473251028807,8.316712504785533,170.0,18.303055555555556,-55.839999999999236,0.7903683023718799,74
5,0.24647887323943662,26.25851594775869,1147.1080000000002,1.3230375880119607,5,0.20000000000000004,0.0,142.0,73.56918981481482,1556.0400000000004,0.3415343950575046,23
15,0.5329949238578681,0.7225825774473996,525.972,0.028166230778535625,3,0.36888888888888893,7.375639464772154,197.0,15.203611111111112,1498.7600000000002,0.9742142041434401,95
35,2.289719626168224,5.05778915120287,121.47485714285712,0.28630679613485893,8,0.17061224489795918,9.706070127242612,107.0,29.330601851851853,-307.8799999999994,0.7979424396005772,46
14,0.30434782608695654,16.5543972324309,2215.529285714286,0.6988272952802482,14,0.07142857142857142,20.391258962792534,322.0,53.087662037037035,370.3299999999999,0.5365363012426975,15
17,0.53125,0.9879793274237838,921.7705882352941,0.03129266707412141,3,0.3494809688581315,18.708578929571424,224.0,15.812372685185185,4641.740000000002,0.9683978060419737,94
14,0.7424242424242424,14.027264806670667,134.36,0.2678121457429118,7,0.16326530612244897,15.028351838551803,132.0,52.00048611111111,1226.2600000000002,0.695785457266255,50
6,0.2485207100591716,25.46700021646731,2674.4649999999997,0.6111738037195189,6,0.16666666666666669,0.0,169.0,69.60298611111111,1289.289999999999,0.4852993999714007,31
23,0.5261437908496732,0.5599658761560328,1698.2034782608696,0.025918577079478863,3,0.3648393194706994,11.920904167934864,306.0,14.77111111111111,11858.260000000002,0.977961009509921,93
18,0.7924528301886792,6.399371613987563,485.4555555555555,0.21817801686825886,8,0.14814814814814814,16.047945353592,159.0,26.397662037037037,1532.2799999999993,0.8059430127901686,56
15,0.30434782608695654,36.595466972593634,2307.7306666666673,0.7051305052434745,15,0.06666666666666667,63.115051580652306,345.0,123.13748842592592,5337.060000000003,0.39465943727314545,19
21,0.5268817204301076,0.8662367241143573,1805.3847619047617,0.029612385819837432,3,0.3333333333333333,33.665268654232,279.0,15.126377314814814,-19876.539999999997,0.9711800469792244,89
33,1.6153846153846154,3.7491349043604254,499.599696969697,0.3247854789042117,8,0.1423324150596878,6.543992551152795,143.0,13.766921296296296,1530.3700000000017,0.8026023593601327,61
5,0.11784511784511784,55.022413157577354,2510.9800000000005,0.6992006129581985,5,0.20000000000000004,114.82414028684103,297.0,130.5967824074074,4726.340000000001,0.3283713850224122,5
51,1.02,0.8539508373679837,1437.6809803921567,0.03014198253346284,3,0.3479430988081508,8.888997273197685,350.0,8.844907407407407,3837.290000000001,0.9711220206035068,89
34,3.012658227848101,2.3463134447628193,1005.0617647058823,0.2815315143671526,8,0.14359861591695502,3.2998473871150233,79.0,9.299282407407407,4580.020000000002,0.8396984618341098,57
5,0.15625,60.269687359475014,2502.49,0.7464708518693695,5,0.20000000000000004,65.5041629778127,224.0,146.00099537037036,11804.269999999999,0.30408033874225204,7
6,0.28,0.5016413096872584,1345.2433333333336,0.025847745346821584,3,0.3888888888888889,0.0,150.0,30.957037037037036,-2731.7200000000003,0.9789505486031942,89
28,0.9560975609756098,9.75896011874276,339.37,0.3083035931976361,8,0.16326530612244897,10.966805192815208,205.0,41.05037037037037,-490.89999999999964,0.7285019123756804,66
14,0.30153846153846153,17.860735462468988,2358.774285714286,0.731339796757171,14,0.07142857142857142,21.53607109784044,325.0,66.46668981481481,3903.260000000002,0.5163144937632002,14
12,0.5490196078431372,0.8321233765114453,1496.6833333333334,0.021837483303123906,3,0.37500000000000006,48.88577821269439,153.0,15.241099537037037,-9006.460000000003,0.9755214666151443,79
39,2.415929203539823,3.2671343081976083,391.931282051282,0.27997023712563124,8,0.1492439184746877,5.5590652910618665,113.0,16.537430555555556,-2094.3399999999983,0.8263111580550564,62
3,0.1532846715328467,96.86622240638833,3178.8066666666673,0.7791149472963114,3,0.3333333333333333,0.0,137.0,137.1681597222222,-8845.320000000002,0.24920698340932704,34
51,1.0229226361031518,0.8302146677748126,1530.1992156862743,0.03030073691563536,3,0.34332948865820834,10.762350098935112,349.0,8.670925925925927,2138.8800000000047,0.9714296593035583,93
27,0.984375,8.289240563051395,270.74074074074076,0.26428519056141203,8,0.13580246913580246,15.25788483122952,192.0,32.13295138888889,-413.87999999999965,0.7631668951047224,71
5,0.13307984790874525,70.46570036537796,2884.82,0.6218159665321977,5,0.20000000000000004,0.0,263.0,168.35252314814815,-7570.4,0.31622334855725,35
6,0.2818791946308725,0.9949727463564255,603.13,0.026134958755163036,3,0.3888888888888889,0.0,149.0,31.10212962962963,-2399.88,0.9707908994247121,95
12,0.5490196078431372,8.779893752755866,1061.7125,0.2869491779293594,8,0.1388888888888889,21.77402153043787,153.0,27.38167824074074,2465.169999999999,0.748411685769784,57
2,0.09722222222222221,0.0,703.845,1.0548157121338015,2,0.5,0.0,144.0,144.42802083333333,1407.69,0.674128300429337,36
17,0.5336322869955157,0.7122991897433497,607.2341176470588,0.03468666525625184,3,0.3771626297577855,48.429859395932986,223.0,15.615185185185185,-2953.3999999999987,0.9712221848406033,80
12,1.037037037037037,9.571274938224857,923.5308333333334,0.30685618252377467,7,0.16666666666666666,19.595614876075025,81.0,33.47681712962963,451.77000000000044,0.7313005335884836,41
6,0.1268882175226586,47.66480247453048,3161.123333333333,0.5297430595273018,6,0.16666666666666669,65.29054873748537,331.0,139.99564814814815,8308.8,0.39646061679417527,26
42,1.024390243902439,0.7763582615189947,1736.8814285714286,0.02813653963680964,3,0.3435374149659864,9.256131987245938,287.0,8.615983796296296,6535.1600000000035,0.9733544894423594,79
24,0.7741935483870968,10.261971792218032,740.4504166666666,0.2908793747763026,8,0.1423611111111111,23.259179328723917,217.0,47.139895833333334,-1227.1899999999987,0.7289536851553039,74
15,0.30434782608695654,20.428602737203068,2110.274,0.512168578134481,15,0.06666666666666667,23.657435903206334,345.0,62.897708333333334,12789.049999999997,0.5526644848296937,6
12,0.5490196078431372,0.6984080748597326,1312.7075,0.03319624989593554,3,0.375,11.892195648178138,153.0,15.102430555555555,-115.27000000000044,0.9721686622463882,77
31,1.6074074074074074,5.402495178938258,586.5093548387097,0.2999299848371683,8,0.15504682622268467,7.468845989824558,135.0,22.68949074074074,1131.67,0.7880354168424264,55
6,0.17573221757322174,32.24521626703193,2680.1316666666667,0.6105839827544688,6,0.16666666666666669,42.905766343272234,239.0,89.90923611111111,-482.8099999999995,0.44219291819405376,37
25,0.5192878338278931,0.7324156503652743,1049.1272,0.02664071997093055,3,0.3376,10.390797125980692,337.0,15.535069444444444,2997.939999999997,0.974796383114003,91
40,1.6766467065868262,5.711441067030369,715.10425,0.2748963776895863,8,0.1525,10.107118010848021,167.0,30.40570601851852,2016.0900000000038,0.7931473267492231,49
7,0.16838487972508592,43.840504040532075,2173.072857142857,0.6022176262841977,7,0.14285714285714285,0.0,291.0,133.29167824074074,-6957.049999999998,0.3897594307657293,34
12,0.5454545454545454,0.8990169970704545,574.845,0.029612229624765805,3,0.37500000000000006,16.406364132003482,154.0,15.572164351851852,1206.8200000000002,0.9706496244885644,78
15,0.6363636363636364,15.2873438908739,392.3726666666667,0.33517231396413727,8,0.16444444444444445,22.75472798919109,165.0,58.04858796296296,-734.5300000000002,0.6579818988696459,41
12,0.32307692307692304,18.636714163597237,2942.9966666666664,0.2986414314754415,12,0.08333333333333334,35.46749591381466,260.0,62.84671296296296,-9904.160000000002,0.6395559289547207,5
17,0.5288888888888889,0.6913632191044746,1503.4570588235292,0.031863166620209875,3,0.33564013840830453,23.750611316759212,225.0,15.33013888888889,-1431.6100000000006,0.9729285962640277,90
23,1.0189873417721518,6.65961555729623,533.055652173913,0.23936188780273665,7,0.1606805293005671,12.148599342439647,158.0,23.788090277777776,-684.460000000001,0.7940278030109467,40
14,0.4066390041493776,17.161880382713836,2763.6292857142857,0.5441365658814095,14,0.07142857142857142,30.677094918905713,241.0,63.945717592592594,-7397.389999999999,0.572351398982355,30
51,1.0229226361031518,0.9383652571523833,1729.8492156862744,0.03009435522874792,3,0.3633217993079585,8.424958502938672,349.0,8.912858796296296,-11976.390000000007,0.9697796258022419,98
28,1.361111111111111,3.638477017498789,524.7421428571428,0.2988498270566009,8,0.16326530612244897,8.044949613323158,144.0,14.017395833333333,-454.9800000000005,0.8137272053695054,69
3,0.1794871794871795,3.11963399382234,2544.6733333333336,0.33568507080562054,3,0.3333333333333333,0.0,117.0,61.20159722222222,-3593.26,0.8080422447797833,25
7,0.2737430167597765,0.2541436546597719,1374.947142857143,0.0352866829882266,2,0.5918367346938775,13.534492178630176,179.0,30.339270833333334,6715.75,0.9784464798982271,78
14,0.6049382716049383,9.996157272394562,947.3807142857144,0.25413667201955803,8,0.14285714285714285,22.09025367485745,162.0,32.07949074074074,725.5100000000002,0.7461044457663947,74
4,0.14659685863874347,53.457040933077685,2654.3125,0.9840283961436401,4,0.25,0.0,191.0,123.74041666666666,883.4700000000012,0.2710600237908187,21
47,1.0217391304347827,0.7488811712332237,1422.9817021276592,0.030612932570488312,3,0.3390674513354459,17.50290895853481,322.0,8.40232638888889,-18118.52,0.9725985921634546,98
13,0.6594202898550724,11.3047594226493,567.5261538461538,0.32517116712246114,7,0.17159763313609472,11.017849976099068,138.0,33.72320601851852,1324.4599999999996,0.7042197977672893,44
7,0.2413793103448276,32.07951500137639,3188.412857142857,0.3016432032489581,7,0.14285714285714285,0.0,203.0,96.8242361111111,-18291.97,0.5414223602056019,36
51,1.02,0.8205164886577752,1945.7229411764704,0.029503171002430065,3,0.338715878508266,13.293915975016777,350.0,8.903773148148149,-13822.07,0.9719739443649025,75
33,1.6267605633802817,3.4333650447619153,963.1715151515151,0.3205671594677453,8,0.1349862258953168,6.6303177848461425,142.0,12.756400462962963,445.6399999999994,0.8087989268514533,65
10,0.20648967551622419,36.386963252562495,2452.4280000000003,0.5577353860332986,10,0.10000000000000003,99.03621404729553,339.0,105.5190162037037,2388.84,0.43491911096582864,5
8,0.2679425837320574,0.7851405207877966,995.585,0.025804676956636994,3,0.34375,18.199132436510013,209.0,31.181238425925926,1959.48,0.9743467846049156,93
21,0.7538461538461538,9.185705611031853,218.83523809523808,0.3048486103317112,8,0.16099773242630383,13.94064030235696,195.0,32.679085648148146,357.22000000000025,0.7367407786440439,66
15,0.3088235294117647,15.169833267312466,2566.5446666666667,0.5207742727032368,15,0.06666666666666667,19.213236338758875,340.0,52.78471064814815,19229.67,0.5985835647347844,3
19,0.5277777777777778,0.9626211829237016,1683.2484210526316,0.021747952302079116,3,0.34072022160664817,14.023198221399003,252.0,15.592372685185186,5168.559999999998,0.973454397002327,78
36,1.2292682926829268,4.635284304152372,832.43,0.2850328102211457,8,0.16049382716049385,15.11050781272051,205.0,23.462025462962963,-2576.840000000002,0.8044124765059899,41
10,0.24647887323943662,30.57086552005398,3280.749,0.35976327137800507,10,0.10000000000000003,48.7712564249905,284.0,102.46461805555556,12869.329999999998,0.5293934036921332,31
19,0.5298804780876495,0.926085433938316,815.8373684210527,0.033138675852211016,3,0.35734072022160657,13.951395574411926,251.0,15.892337962962962,-843.5499999999993,0.9685032392633138,87
17,0.9083969465648855,7.277534151654795,93.66882352941175,0.2777062520865077,7,0.1695501730103806,7.972541979520532,131.0,29.037314814814813,-99.02999999999997,0.7710583885159026,71
7,0.1678082191780822,45.40624862706871,2549.7942857142857,0.6684315274320816,7,0.14285714285714285,9.168965243298324,292.0,109.40644675925925,-6045.260000000001,0.366320395393448,15
25,0.5223880597014926,0.9340496545594824,1385.9379999999999,0.02785036805653573,3,0.36319999999999997,11.572395658123403,335.0,15.55130787037037,9471.83,0.9709392959589873,80
14,0.8448275862068965,10.241973245960981,445.4635714285714,0.2663094598444136,7,0.2142857142857143,9.446366865823032,116.0,30.338090277777777,1275.6699999999996,0.7384885787267286,43
14,0.2916666666666667,23.54806011406426,2575.576428571428,0.5055775415910717,14,0.07142857142857142,19.923926528427067,336.0,79.5687037037037,9303.389999999996,0.5296531616170387,33
38,1.027027027027027,0.8650670745128641,1652.5765789473685,0.030777361813248864,3,0.3462603878116343,8.171916877660006,259.0,8.493819444444444,3658.130000000001,0.9706338239115342,78
20,1.25,6.976207161027932,340.93600000000004,0.32459735565154124,8,0.18,13.782768836793617,112.0,29.65107638888889,-2052.8999999999996,0.7576680962952534,41
12,0.2537764350453172,29.183147739673736,1773.779166666667,0.9772145247555631,12,0.08333333333333334,37.45385184210267,331.0,100.36599537037037,9368.730000000001,0.3771959027396767,21
11,0.25752508361204013,0.8477157381893045,1160.2245454545453,0.032110735551705696,3,0.33884297520661155,13.24944021980317,299.0,31.353622685185186,8087.49,0.9702688245317161,96
26,1.4108527131782946,5.829210079535116,777.1707692307692,0.2526727506123359,8,0.1508875739644971,6.125597742660394,129.0,24.848680555555557,3763.08,0.8000635499817137,44
10,0.2005730659025788,37.1721939319686,2539.477,0.5039220605812514,10,0.10000000000000003,38.665481707354985,349.0,92.29171296296296,-10537.490000000002,0.4469045160735297,19
11,0.25838926174496646,0.7604387273392729,731.8954545454545,0.034148143664262,3,0.33884297520661155,24.93427770989216,298.0,31.22597222222222,-704.9699999999998,0.9706994641941278,78
11,0.33920704845814975,23.014439711674125,705.920909090909,0.3265320282616559,7,0.17355371900826444,40.73909851208574,227.0,76.88984953703704,-639.7700000000004,0.5928783698487494,61
9,0.27631578947368424,28.881161959084466,2261.3799999999997,0.704619820338071,9,0.1111111111111111,45.09194572897196,228.0,96.93451388888889,-3823.1800000000003,0.4380774340259552,19
51,1.017094017094017,0.7599520022860736,1511.2311764705885,0.028514754010875252,3,0.33564013840830453,9.564747762668791,351.0,8.766840277777778,19380.21,0.9734371887999101,82
22,1.5098039215686274,5.058970982976911,346.2145454545455,0.2793166833649533,7,0.16528925619834708,6.903365707054075,102.0,18.09412037037037,2340.9799999999996,0.8005598940549623,45
11,0.33047210300429186,21.41657198671944,2408.6590909090905,0.6130780235877246,11,0.09090909090909091,29.821946609819225,233.0,50.91568287037037,7361.769999999999,0.5157092499186925,29
47,1.0185758513931888,0.7745856916112457,794.8546808510639,0.02650480278431179,3,0.34631054775916703,9.039913081440561,323.0,8.32741898148148,-4017.989999999998,0.9741771585819938,75
26,1.2380952380952381,6.917933038866801,176.26076923076923,0.26469208046037296,7,0.19230769230769235,14.549076901439989,147.0,30.994907407407407,-308.8599999999997,0.7807505108750707,43
11,0.2905660377358491,31.428211035060542,2773.2609090909086,0.43579497320394683,11,0.09090909090909091,38.079744746107366,265.0,103.72565972222222,17683.010000000002,0.49876322713996313,10
30,1.0344827586206897,0.6641835502923614,997.8940000000001,0.030597477668173403,3,0.3355555555555555,12.117421599424814,203.0,8.166435185185184,-2259.3599999999988,0.9739848572580083,84
22,1.4666666666666666,4.392368749345127,878.0890909090908,0.3488942970952302,8,0.18181818181818182,6.121081896123568,105.0,15.29425925925926,1226.739999999998,0.7846345939670262,61
8,0.16422287390029325,22.134373280585958,2921.7924999999996,0.6588456554659768,8,0.125,48.91163998848778,341.0,88.77096064814815,-11312.199999999997,0.4978035377368538,30
7,0.2722222222222222,0.4095690739891729,1585.497142857143,0.026914911626799386,3,0.42857142857142855,17.282591975515157,180.0,30.61625,4715.0,0.9799422671664595,96
10,0.4069767441860465,18.41033867207688,745.7169999999999,0.27327813998133865,5,0.22000000000000003,47.070019660597474,172.0,51.1097337962963,-2940.0099999999993,0.6511186229553823,45
14,0.30624999999999997,22.927277767105227,2844.305714285714,0.48713879544476946,14,0.07142857142857142,50.40939090021485,320.0,69.4065625,2180.4199999999983,0.5400341328254354,4
25,1.0479041916167664,0.9255024529977814,683.0132000000001,0.031211762385670243,3,0.37920000000000004,10.47137221535129,167.0,8.681932870370371,-704.7499999999982,0.9694456111940322,80
34,1.1782178217821782,5.208570365745452,909.1170588235294,0.304724353273149,8,0.16608996539792387,11.88190751796923,202.0,18.79474537037037,-2032.8400000000001,0.7889718447841625,45
12,0.24633431085043989,32.94723649566962,2327.9225,0.6909200525138708,12,0.08333333333333334,38.06779706468102,341.0,109.82570601851852,-3387.470000000001,0.41728592598473646,0
6,0.2818791946308725,1.3080198208459723,558.3983333333333,0.03663246822166642,3,0.3888888888888889,0.0,149.0,31.140555555555554,-1103.29,0.9606832825812694,75
34,2.9024390243902443,2.4409617390919713,484.90705882352944,0.3254636173997237,7,0.18685121107266436,3.138394005786346,82.0,10.7659375,2306.500000000002,0.822024623235742,60
6,0.17573221757322174,33.03216248319831,3580.3666666666663,0.22210598832240622,6,0.16666666666666669,0.0,239.0,90.4418287037037,-17455.28,0.5666724453634888,23
12,0.2553191489361702,0.9238618498415186,755.1433333333334,0.028756114636670445,3,0.3888888888888889,41.90234675467395,329.0,31.43516203703704,-1468.7399999999998,0.9706636802705668,87
34,1.1173708920187795,4.393505105260914,825.8976470588235,0.29410449217866474,8,0.12802768166089967,10.277708888646451,213.0,17.93451388888889,-4703.120000000001,0.8044836963282094,47
6,0.12804878048780488,49.14753236504809,2662.5766666666664,0.5837693728606844,6,0.16666666666666669,48.10165883460938,328.0,140.99123842592593,14807.619999999999,0.3760557341810884,37
12,0.25609756097560976,0.8318664901982008,538.8191666666667,0.03268883278805224,3,0.375,33.20511744214357,328.0,31.4046875,-9.969999999999345,0.9702458531316125,89
25,0.7882882882882882,8.224082148101393,220.80039999999997,0.2676934692005141,8,0.15839999999999999,21.42954658386859,222.0,26.103148148148147,-1473.57,0.7626854537654744,40
6,0.14893617021276595,39.08260994744501,2318.4683333333337,0.5711495272018737,6,0.16666666666666669,39.08260994744501,282.0,113.76440972222223,13910.810000000001,0.4183290447182626,14
17,0.5336322869955157,0.7259738861149417,563.9482352941176,0.030908457904849432,3,0.3494809688581315,7.367966090982193,223.0,15.440092592592592,2789.96,0.9728278233773038,91
25,0.7575757575757576,9.714109012003885,217.4556,0.3242282309147731,7,0.1936,13.937622129818546,231.0,36.68042824074074,820.8699999999994,0.7232387357127912,50
14,0.3006134969325153,25.369313104209915,2648.850714285714,0.538438958584901,14,0.07142857142857142,41.81901990351894,326.0,76.09741898148148,7006.209999999999,0.5064697839694989,7
47,1.0217391304347827,0.8657471033593922,962.904680851064,0.02878041202450504,3,0.3417836124943413,6.900716968923464,322.0,8.829942129629629,-807.3999999999978,0.9715919923094758,86
21,1.7710843373493974,3.9011132395142654,783.7538095238097,0.26925523839769444,8,0.16099773242630383,9.177531089019974,83.0,13.301458333333333,-3593.3500000000004,0.8210055445053369,49
3,0.40384615384615385,27.653432152547083,2976.4666666666667,0.7506837228520739,3,0.3333333333333333,0.0,52.0,45.636041666666664,-8041.58,0.4349267885583282,23
15,0.5384615384615384,0.9726190628122005,1927.128,0.022303843094383016,3,0.3600000000000001,22.999217474983897,195.0,15.23773148148148,-5933.340000000002,0.9730211641154021,93
33,1.698529411764706,4.924036435655544,643.040303030303,0.27946204547537196,8,0.16253443526170802,6.112041630455845,136.0,24.07954861111111,5360.51,0.802409130631197,58
4,0.1414141414141414,19.400029686640156,2219.425,0.2938937015316883,4,0.25,48.79492644906068,198.0,86.17004629629629,3173.32,0.6345720159579094,17
8,0.2679425837320574,0.6385823733937529,632.1624999999999,0.01667028175254415,3,0.375,46.03548037515286,209.0,30.649502314814814,-3.380000000000109,0.9812033845186181,76
39,3.3703703703703702,2.091884544034699,451.9107692307692,0.30568241781203476,8,0.136094674556213,2.90648461102919,81.0,8.815648148148147,1485.8399999999992,0.8346333002967133,43
4,0.11570247933884298,81.01797825655845,2765.715,0.5749872039638642,4,0.25,0.0,242.0,174.4615162037037,-5003.18,0.3149386597258219,13
17,0.5336322869955157,0.8506850653286926,1498.6770588235293,0.0273914829891705,3,0.3494809688581315,11.751594843239175,223.0,15.3196875,1439.7900000000009,0.9725111778821354,75
25,1.206896551724138,5.728401223800464,149.24280000000002,0.23284412336058125,7,0.17439999999999997,16.32266194241415,145.0,22.090185185185184,-626.01,0.8092268387068968,56
2,0.07179487179487179,0.0,3809.67,0.23176550607585916,2,0.5,0.0,195.0,195.9568402777778,-7619.34,0.8965660430787487,12
51,1.02,0.8635061930349204,634.62,0.02998435524382033,3,0.3494809688581315,6.486640012017896,350.0,8.805185185185184,8301.279999999997,0.9710437381552912,85
21,0.84,8.432001589252812,724.767619047619,0.28114928679439827,7,0.16553287981859408,21.509833291607386,175.0,30.257662037037036,-3980.960000000001,0.7549467950370048,73
13,0.26074498567335247,24.01740919090305,2948.8646153846157,0.36077187323420135,13,0.07692307692307694,35.50588036162932,349.0,74.98253472222223,2727.239999999998,0.5731031537357303,8
25,1.0416666666666667,0.8992661358763039,1937.3504,0.027169793166762254,3,0.34080000000000005,11.352530791735541,168.0,8.370613425925926,1631.3200000000033,0.971832629238854,83
38,1.1416309012875536,5.370095226465266,281.00657894736844,0.294114201116371,8,0.14958448753462603,12.60054337761854,233.0,17.11747685185185,-3960.7899999999995,0.7906473151583097,41
10,0.19830028328611898,39.09629451025968,2492.8900000000003,0.4710770109371522,10,0.10000000000000003,33.52414895686539,353.0,104.20443287037037,-4831.120000000001,0.44799395732307973,8
38,1.0310077519379846,0.6979058323521569,1310.2165789473686,0.03040594906809326,3,0.3462603878116343,4.4752902799314045,258.0,8.55130787037037,15556.389999999996,0.9735283219826698,99
11,0.7777777777777778,17.142990734811594,134.6909090909091,0.25315380527171005,6,0.19008264462809915,18.79489862641472,99.0,55.981747685185184,921.84,0.6705320367202927,40
12,0.24705882352941178,32.65487887104544,2345.1941666666667,0.6859979714602602,12,0.08333333333333334,62.813204864086366,340.0,106.01710648148148,-10560.81,0.4201549846457098,15
11,0.2558139534883721,0.8712618153596754,1366.2254545454546,0.026799943220073886,3,0.40495867768595034,23.11486339153283,301.0,31.538055555555555,6601.140000000001,0.9724657977858012,87
37,1.121212121212121,5.251466014146404,432.27324324324326,0.24495486912885028,8,0.13951789627465305,8.624640060663946,231.0,25.20690972222222,1943.1499999999996,0.8110779315429459,65
12,0.3,43.45936843477458,1501.618333333333,0.5494262966359851,12,0.08333333333333334,58.290470268707004,280.0,151.1683449074074,-6469.22,0.40608455266295607,35
12,0.2553191489361702,0.5685875409822082,1461.3025,0.023926539205243427,2,0.513888888888889,14.836554176373069,329.0,31.107314814814814,5626.87,0.9787914951506537,97
34,1.4082840236686391,5.221825655424335,659.930882352941,0.29896547766129383,8,0.14013840830449828,5.989956099040718,169.0,23.92533564814815,5536.83,0.7909153865183635,46
2,0.18181818181818182,0.0,2480.245,1.2023020494153185,2,0.5,0.0,77.0,77.47121527777777,-4960.49,0.6502508227098838,36
9,0.2614107883817427,1.010040207371691,680.5699999999999,0.01974853219222218,3,0.4320987654320988,27.676547396980812,241.0,31.46037037037037,2028.1899999999996,0.97366882284098,88
23,0.9306358381502889,13.4689534949603,228.77739130434784,0.2820000364094768,8,0.23629489603024573,31.329882395132696,173.0,62.24166666666667,346.6999999999998,0.6962810105543954,65
15,0.3398058252427184,21.410414511979745,3271.320666666667,0.3939649024640947,15,0.06666666666666667,25.680912697383636,309.0,74.90886574074074,15918.170000000002,0.5821078798132198,14
11,0.25838926174496646,0.7302875943309719,1665.5972727272726,0.03121393048443635,3,0.371900826446281,61.55425037943325,298.0,31.245636574074073,-4918.950000000001,0.9726095871614961,87
18,0.5806451612903226,12.598773523804345,402.7683333333333,0.36349475074863724,6,0.19135802469135804,20.878569709897313,217.0,44.89675925925926,-2321.0899999999997,0.6761580294077625,69
3,0.10344827586206896,88.61476913221088,1029.9666666666667,1.0870602339458755,3,0.3333333333333333,0.0,203.0,164.64943287037036,2983.6,0.1946731007553768,12
38,1.027027027027027,0.7486554999060487,1353.4042105263159,0.026791478998372115,3,0.33933518005540164,10.762857347798468,259.0,8.88599537037037,-13405.279999999999,0.9744589260491487,91
34,1.36,4.906798775067065,966.9973529411764,0.31588509906053563,8,0.13494809688581316,9.76706690262619,175.0,18.678194444444443,1242.9900000000016,0.7891294049032976,59
9,0.20930232558139536,19.17807705670167,2465.667777777778,0.4530308878795238,9,0.1111111111111111,22.788825705788714,301.0,59.18425925925926,-3386.4100000000017,0.5816881947719805,20
25,1.0416666666666667,0.8461054883674061,2015.0952000000002,0.027469559020733624,3,0.34080000000000005,13.826079067670623,168.0,8.499548611111111,-10123.900000000001,0.9725473941688424,94
16,1.2873563218390804,4.148821057843228,773.8162500000001,0.3517547082726904,6,0.21875,9.586367084417603,87.0,14.355914351851851,3595.62,0.7871476237990886,60
4,0.10687022900763359,56.54027480005217,2169.8275,0.40884671048888827,4,0.25,0.0,262.0,151.35497685185186,808.0500000000002,0.40814717943574297,32
12,0.5526315789473684,0.9515862184736664,1734.6775,0.023728209646171023,3,0.37500000000000006,13.509725705398848,152.0,15.40681712962963,-3416.67,0.9726646688956453,100
21,1.4411764705882353,5.44571083371089,561.8895238095238,0.2642353766559956,8,0.19274376417233557,6.8926889295925955,102.0,22.17394675925926,3180.0600000000013,0.8008956409066015,51
12,0.2485207100591716,19.95725914488311,2129.6749999999997,0.6559741767116646,12,0.08333333333333334,66.16862531815373,338.0,56.29049768518519,-5878.299999999999,0.516542691926521,39
42,1.0279720279720281,0.6646518503986119,1162.8516666666667,0.029824594737071,3,0.3877551020408163,7.131426218194945,286.0,8.329386574074075,4738.27,0.9743521644845126,78
37,1.3419689119170983,7.415728525476743,524.8997297297298,0.311167215393585,8,0.14974433893352812,9.282409117008735,193.0,37.27142361111111,1367.5700000000015,0.7567914566830327,71
6,0.13003095975232198,19.968630053555838,2765.22,0.5369578884867768,6,0.16666666666666669,33.25382425292596,323.0,90.20121527777778,-4051.84,0.5492389994268712,16
30,1.0344827586206897,0.7323226078491646,903.9776666666666,0.03186372769139741,3,0.3488888888888889,14.33899273326623,203.0,8.710324074074075,-3447.1899999999987,0.9722616754702322,76
25,0.9114583333333334,7.657821443477988,211.79480000000004,0.28465482057846475,8,0.19999999999999998,23.665648750579113,192.0,28.743657407407408,-1856.5499999999995,0.7634941855397614,68
7,0.2158590308370044,25.262355546375883,3066.4114285714286,0.4386011530800899,7,0.14285714285714285,23.523322926554133,227.0,69.01711805555556,-1379.579999999998,0.5378760485006808,2
25,1.0416666666666667,0.911153952714182,1904.4140000000002,0.02879522902350428,3,0.35359999999999997,8.995520664423477,168.0,8.734386574074074,-17078.27,0.970850096613532,98
16,1.2727272727272727,5.61559998239651,920.1062499999999,0.24180997524118877,7,0.171875,7.051176432081787,88.0,18.174988425925925,3507.76,0.8072471468309446,51
10,0.24305555555555552,28.6655128866869,2392.4389999999994,0.6757086738280791,10,0.10000000000000003,36.053651397409524,288.0,80.9840162037037,11711.87,0.4467044668431954,35
38,1.0350194552529182,0.8169074764566647,648.7199999999999,0.030518696041928296,3,0.33933518005540164,6.0870497201817315,257.0,8.728379629629629,6823.0999999999985,0.9715397247387096,90
16,0.5185185185185185,12.608202004006783,140.030625,0.31802713152107676,6,0.1953125,56.47120451762092,216.0,41.21950231481482,-465.33000000000004,0.6922251276964395,44
15,0.36713286713286714,17.300549113554577,2245.6126666666664,0.6500970460411037,15,0.06666666666666667,43.17608500991041,286.0,61.99715277777778,-2544.949999999999,0.5418763214098172,38
47,1.0217391304347827,0.8557192621889951,1743.5289361702125,0.027263242919355887,3,0.3707559981892259,15.457626086880765,322.0,8.616354166666667,-19501.72000000001,0.9724920187325401,92
22,2.1690140845070425,2.405924253988484,306.6136363636363,0.32115500572866607,8,0.1487603305785124,7.210749702149873,71.0,8.028298611111111,-474.0599999999995,0.8241224434031058,63
12,0.23268698060941828,23.930210356066592,2925.2875,0.5292102854245451,12,0.08333333333333334,30.531393196433378,361.0,79.30586805555555,7505.109999999997,0.5197227238495783,19
12,0.2545454545454545,0.7551871251650123,1840.4525,0.028899811897428324,3,0.45833333333333337,16.88327648112781,330.0,31.247037037037035,45.149999999999636,0.9733275425839646,78
29,0.8493723849372384,6.2618074395184715,1035.2155172413793,0.2816008045034208,8,0.14863258026159334,17.15523767276561,239.0,24.410127314814815,1594.8100000000013,0.7830958466756399,73
15,0.29829545454545453,19.027805724619085,2538.7953333333335,0.5255821416319323,15,0.06666666666666667,30.311168499858727,352.0,57.76768518518519,16356.31,0.5607693900457627,24
34,1.0303030303030303,0.8172766205912256,1979.6547058823528,0.031016885915276186,3,0.3633217993079585,19.402830740536654,231.0,8.293773148148148,-35599.58,0.9712921901023641,93
10,0.36649214659685864,19.998146829852626,346.22099999999995,0.35333829891008517,6,0.18000000000000005,23.91477320607979,191.0,63.62894675925926,897.5900000000001,0.6078941937328354,44
7,0.16225165562913907,39.649696819389874,3553.0242857142853,0.33206006763176743,7,0.14285714285714285,37.576153582735216,302.0,119.30365740740741,-7220.029999999999,0.49206868442749657,14
34,1.0303030303030303,0.6240534845687551,1779.243235294118,0.02546369980846431,3,0.3408304498269896,7.108751488778018,231.0,8.102835648148147,10986.630000000005,0.9771354238386869,78
16,0.6871165644171779,11.42783063053239,909.5618750000001,0.2919535861647848,6,0.171875,47.25516210192609,163.0,40.25490740740741,-4850.01,0.7150152453753975,51
11,0.22254335260115607,33.05821473651894,1835.229090909091,0.7161452441105868,11,0.09090909090909091,128.39772604843043,346.0,94.55681712962964,-6620.620000000002,0.4104289823448791,36
38,1.027027027027027,0.8465359650682557,1216.4602631578946,0.02674125155759245,3,0.3670360110803324,8.193184730483614,259.0,8.703101851851851,-9498.889999999996,0.9728948349064744,99
17,0.85,7.570754214930613,261.15470588235297,0.25904481069703905,6,0.2179930795847751,17.799411459657833,140.0,25.459375,-1048.6899999999998,0.7743773019971807,46
8,0.3076923076923077,27.793238859506456,2982.4849999999997,0.33872542298816916,8,0.125,2.8299821049362994,182.0,82.68626157407408,-5780.82,0.5543192095575276,37
19,0.532,0.9440394283579795,959.4136842105263,0.028325037612698386,3,0.5013850415512465,28.090993300989794,250.0,15.909699074074075,1064.8400000000001,0.9705471692467,76
15,0.6176470588235294,13.030762873873162,405.5613333333333,0.32030555036144825,7,0.19111111111111112,30.382792736673025,170.0,44.015023148148146,-2208.1600000000008,0.6868035232236016,59
6,0.12883435582822086,58.26308947520969,2443.0983333333334,0.6776546493078857,6,0.16666666666666669,16.02330155308761,326.0,158.60333333333332,-3663.9299999999985,0.32560432088301833,14
25,0.5208333333333334,0.7227535855731277,1510.2151999999999,0.029448266304863187,3,0.3472,13.913147108004052,336.0,15.038726851851852,-7272.299999999996,0.9735886065556242,76
27,1.173913043478261,7.360734362328391,470.0444444444445,0.2748598959035955,8,0.1522633744855967,29.000463738782535,161.0,32.347546296296294,-6172.84,0.7710515385248558,49
15,0.3333333333333333,24.67604127337306,1959.1166666666666,0.8488952213171499,15,0.06666666666666667,99.1928001350424,315.0,89.77306712962962,-21113.329999999998,0.43360204690148935,35
12,0.2537764350453172,1.0235938177726667,1148.8308333333334,0.031140301945145676,3,0.43055555555555564,36.471790746605656,331.0,31.40679398148148,2138.8100000000004,0.9678976427431958,81
38,3.093023255813953,1.9601115949529937,159.1757894736842,0.3036415753638885,8,0.14404432132963987,3.1930022377553615,86.0,7.247638888888889,-736.5399999999995,0.8374385282046635,43
7,0.2987804878048781,30.19658365961483,2712.2271428571435,0.4091493170471612,7,0.14285714285714285,0.0,164.0,65.06609953703703,-16978.91,0.5148458661013184,36
25,1.0416666666666667,0.9661415729728121,1819.4756,0.03133814910409358,3,0.34080000000000005,10.2040393303842,168.0,8.839606481481482,-5272.669999999998,0.9687280658892153,97
18,0.5384615384615384,13.630334218339726,442.59222222222223,0.29793743346097523,6,0.2777777777777778,24.731009669692572,234.0,51.9515625,1067.92,0.6886058929469636,72
6,0.1494661921708185,107.93706807040635,1793.8266666666668,0.5940109730961051,6,0.16666666666666669,186.47823307094137,281.0,249.0869675925926,2835.1,0.28974472318151434,38
47,1.0217391304347827,0.7270115636275616,1566.010638297872,0.02752427300830914,3,0.3553644182888185,12.726070560944626,322.0,8.407256944444445,1332.0999999999985,0.9744543141763765,95
39,1.9782608695652173,3.3402397757015536,484.98076923076934,0.2967929581923115,8,0.14266929651545035,8.527992761169774,138.0,14.45318287037037,-449.5700000000015,0.8189156023919582,71
14,0.2882352941176471,27.947287055833268,1978.0792857142856,0.6911973700231013,14,0.07142857142857142,39.882485323779385,340.0,106.59774305555555,17018.749999999996,0.4474540735671509,3
11,0.25752508361204013,0.6119710366984714,1778.5981818181813,0.032361332660885825,3,0.40495867768595034,30.058234746626223,299.0,30.650787037037038,1779.380000000001,0.9739821552135643,93
29,1.1468926553672316,6.88319590271739,147.66448275862066,0.28625361103657876,8,0.17717003567181924,10.479792744449803,177.0,33.852037037037036,422.23,0.7730254430580404,58
7,0.19066147859922178,49.71774007935125,2395.2042857142856,0.561690405611595,7,0.14285714285714285,54.79537049421241,257.0,131.20876157407406,15701.509999999998,0.3804526803047001,23
30,1.0294117647058825,0.933653605666133,1251.3673333333331,0.026045435518243454,3,0.3622222222222222,8.263125677073953,204.0,8.733888888888888,9766.639999999994,0.9718241660392575,75
33,2.655172413793103,2.205946253572756,960.0854545454546,0.22990087082106117,8,0.19375573921028466,6.38038840345164,87.0,8.175543981481482,3593.7000000000007,0.8618596037556765,67
15,0.30259365994236315,18.110984370517876,2135.4980000000005,0.7255890505551624,15,0.06666666666666667,33.6827553253565,347.0,50.96206018518519,7116.77,0.5154122156005039,9
11,0.2566666666666667,0.6304513874664439,1903.2072727272725,0.030629625674834893,3,0.4380165289256198,25.31998229391071,300.0,31.101689814814815,5645.679999999999,0.9745194697741865,88
31,1.55,3.639406443882382,923.6122580645163,0.24365229522346935,8,0.1363163371488033,12.635651608767379,140.0,13.137708333333334,-9453.66,0.8347581464370973,44
4,0.14432989690721648,80.98456496196675,2430.4375,0.794612512905453,4,0.25,80.98456496196675,194.0,158.2955902777778,9721.75,0.25949817484353854,30
23,0.5227272727272727,1.0078327410238137,1009.0169565217391,0.02836223541664609,3,0.3686200378071834,15.00717224252006,308.0,15.785034722222223,3064.0699999999997,0.9694998993779227,79
20,0.9929078014184397,7.566604871439254,666.9285,0.23779445843878239,8,0.17500000000000002,16.637440587988,141.0,33.570648148148145,5270.969999999999,0.7827191765042978,65
12,0.3,16.31454499594967,1636.6249999999998,0.533543685024969,12,0.08333333333333334,0.0,280.0,54.854560185185186,-19410.82,0.5835251476649947,11
51,1.02,0.8208820033826738,1424.8145098039217,0.02857496529289278,3,0.33564013840830453,6.997013344368707,350.0,8.829780092592593,-12839.880000000005,0.9724188364056547,100
40,3.255813953488372,2.8438824601197856,782.969,0.287188658082802,8,0.13874999999999998,5.493293888003692,86.0,15.102708333333334,4199.619999999997,0.8299642714856814,60
7,0.3450704225352113,21.55957029580945,3121.162857142857,0.409252864526992,7,0.14285714285714285,22.016192514700222,142.0,62.25965277777778,14587.68,0.575777472609255,16
6,0.2818791946308725,0.8613843891416993,866.2716666666669,0.04306587533437314,3,0.3888888888888889,0.0,149.0,30.95306712962963,-3522.2500000000005,0.9647718860750978,94
16,0.5863874345549739,14.771554510725878,210.15187500000002,0.3543218759197898,7,0.1875,31.314897798880967,191.0,49.522592592592595,-912.4100000000001,0.6564080081970567,70
2,0.06086956521739131,0.0,2408.69,1.0412335161101336,2,0.5,0.0,230.0,230.69859953703704,3546.8599999999997,0.6765094793527282,39
38,1.027027027027027,0.8003052448243192,996.7428947368422,0.02876438767576378,3,0.33379501385041555,13.026419314100364,259.0,8.429351851851852,-7631.430000000004,0.9726606057209743,87
28,1.101123595505618,7.0929812362627285,215.8775,0.3071408061094521,8,0.14285714285714285,11.424693128794498,178.0,23.65519675925926,-119.30999999999995,0.762493013821459,60
4,0.175,31.094754217396726,4036.9725,0.09502993441473091,4,0.25,56.4625501347022,160.0,89.15027777777777,8195.050000000001,0.6320212800222516,31
17,0.5336322869955157,0.6993296145099211,1456.5523529411764,0.024027749586363445,3,0.3633217993079585,18.06151577261809,223.0,14.896840277777779,4119.209999999999,0.9766086167797994,100
11,0.5384615384615385,9.63916740572823,220.8818181818182,0.392187118727133,5,0.2396694214876033,29.397808237271946,143.0,31.71553240740741,-375.3600000000001,0.7003896493882011,58
8,0.16326530612244897,60.476635848150394,1749.79,0.8829240468189133,8,0.125,0.0,343.0,137.7432523148148,-13295.68,0.27338696216978503,23
8,0.26666666666666666,0.8330507974784457,648.25375,0.019580815019416074,3,0.34375,16.890069241743106,210.0,31.14521990740741,14.5300000000002,0.9766116405065044,82
13,0.5833333333333334,11.151720716881025,913.5715384615384,0.29104548267487224,6,0.17159763313609472,25.387029861401018,156.0,40.48438657407407,-2842.8499999999995,0.7185130969275184,41
11,0.22254335260115607,18.50983136983847,2166.050909090909,0.7474941926127974,11,0.09090909090909091,68.66853340449602,346.0,61.249849537037036,-3854.4799999999996,0.5065577117756985,13
25,0.5223880597014926,0.7374654029820332,1898.7767999999999,0.029088490704127327,3,0.3728,12.61800733902377,335.0,15.129166666666666,9095.099999999995,0.9735240040026225,81
26,1.0340909090909092,7.412164663677691,966.046923076923,0.2799206116049564,8,0.14792899408284027,17.621537314321806,176.0,31.663576388888888,1571.8799999999992,0.7684640381488039,47
11,0.22383720930232556,22.62399518582257,3202.0690909090913,0.35146883631717024,11,0.09090909090909091,75.11879698602361,344.0,70.84032407407408,-7029.8200000000015,0.587035993691051,31
17,0.5336322869955157,0.8175931265958893,1280.8211764705882,0.03109219530593354,3,0.39792387543252594,26.484096870198627,223.0,15.87037037037037,-1030.4599999999991,0.9712505534803697,89
36,1.2791878172588833,6.972682479264199,298.2108333333333,0.29654822506683276,8,0.1527777777777778,12.02167483750628,197.0,30.44349537037037,-700.6299999999992,0.7679953767939323,72
4,0.1033210332103321,66.01795293693255,2924.245,0.2156575922944291,4,0.25,0.0,271.0,156.5976388888889,1514.3600000000006,0.458374054608315,14
51,1.02,0.8885927033444776,1024.035294117647,0.02873368037750517,3,0.3456362937331795,6.623498773242464,350.0,8.693969907407407,7530.299999999999,0.9712449076173866,93
10,0.6194690265486726,12.915213616225376,659.917,0.19861314540631056,6,0.18000000000000005,28.958380546256535,113.0,43.99290509259259,122.36999999999944,0.7350231465693282,52
3,0.09130434782608697,87.44111100524769,1169.03,0.23479145348931096,3,0.3333333333333333,0.0,230.0,177.05109953703703,-1682.0499999999997,0.4224779158355963,1
6,0.28,0.26499403665106575,626.2466666666667,0.02939484515638261,2,0.5,17.01669411890147,150.0,30.58017361111111,1268.66,0.9811193720293865,93
17,1.5866666666666667,4.089827635621037,701.4358823529411,0.26225803087403576,7,0.1764705882352941,6.356016323620384,75.0,13.356157407407407,3592.1500000000015,0.8209346191965452,52
8,0.1761006289308176,38.94460378664935,3176.5025,0.24593527593679793,8,0.125,61.23951703072893,318.0,102.45729166666666,11251.959999999997,0.5275041673363823,18
6,0.28,0.7885614055162355,1435.1033333333335,0.037303814242248906,3,0.3888888888888889,13.995421825261898,150.0,30.96258101851852,5862.16,0.9687202373193164,81
29,0.9712918660287081,5.7548974971805835,783.1551724137931,0.22779354425047446,8,0.13198573127229488,9.889482139433538,209.0,23.72505787037037,1053.58,0.8108679463424611,64
10,0.22727272727272727,30.253480632207886,2281.339,0.8674163815519793,10,0.10000000000000003,54.55770043421,308.0,101.37293981481481,1740.33,0.3924097759543233,5
12,0.2545454545454545,0.6046297069163385,1607.9566666666667,0.03270142853947633,3,0.45833333333333337,28.971310666835727,330.0,30.96130787037037,-3173.84,0.9739374496727087,81
31,0.9393939393939394,7.147815470414351,863.4877419354838,0.2594232581427594,8,0.16545265348595212,7.6862468730215205,231.0,30.011469907407406,1311.1799999999985,0.7797468952339008,57
15,0.30701754385964913,19.596602365172973,2489.308666666667,0.6240407235727298,15,0.06666666666666667,33.96944539419264,342.0,67.02667824074074,-18051.890000000003,0.5280712951835493,18
17,0.5336322869955157,0.542799820006017,1612.8711764705881,0.031176391504765172,3,0.3494809688581315,11.061232207596529,223.0,15.385590277777778,-4672.390000000001,0.9756869775336543,97
26,1.3893129770992365,6.809042918556778,563.728076923077,0.33287574067712056,8,0.14792899408284024,9.604169444700656,131.0,27.51672453703704,3629.669999999999,0.7569027358503105,73
2,0.11666666666666667,0.0,1873.0749999999998,1.1450707311575072,2,0.5,0.0,120.0,120.08554398148148,-3033.21,0.6591007051201846,34
38,1.027027027027027,0.8397137208845784,1070.2276315789475,0.032522399152271016,3,0.3462603878116343,8.698896047384933,259.0,8.606898148148149,-10677.650000000005,0.9701992065933959,79
35,1.1666666666666667,5.023769132563314,263.3588571428571,0.21878656665792612,8,0.1526530612244898,8.895789660572277,210.0,22.096724537037037,2230.1799999999976,0.824652255694233,61
2,0.061946902654867256,0.0,1434.46,1.1626746917849495,2,0.5,0.0,226.0,226.03796296296295,2358.6400000000003,0.6563244111535792,4
23,0.5244299674267101,0.6364111063696201,1661.143913043478,0.03159954666459354,3,0.35727788279773154,13.484588077391912,307.0,15.248622685185186,7908.989999999998,0.9739521129001067,92
14,1.5555555555555556,5.941280034959701,842.5599999999998,0.2608656307405536,6,0.18367346938775508,5.113134166911497,63.0,23.09428240740741,-6013.799999999997,0.7953596395636952,50
8,0.1661721068249258,54.23174704207599,2234.39625,0.7292147986104404,8,0.125,0.0,337.0,162.7352662037037,-8014.8099999999995,0.3231572121301298,4
42,1.0279720279720281,0.930055544133538,929.4419047619049,0.02889519910514194,3,0.35487528344671204,6.792768423682568,286.0,8.674247685185184,3617.0600000000013,0.9704960266189278,80
33,1.6382978723404256,4.026041638767093,160.53727272727272,0.2883090114649882,8,0.13131313131313133,6.427162948596479,141.0,11.979328703703704,-1007.9699999999998,0.8119719467667865,42
3,0.09210526315789475,4.896608066335411,2889.7333333333336,0.18196568156477338,3,0.3333333333333333,0.0,228.0,117.75819444444444,4010.3400000000006,0.8415170096630028,22
19,0.5277777777777778,0.8274067983390668,1015.1647368421055,0.02697238356833839,3,0.4127423822714681,13.279363879902222,252.0,15.18431712962963,3092.4699999999993,0.9730923789524764,88
10,0.3954802259887006,13.224121492061654,732.441,0.3436817077806158,5,0.24000000000000002,0.0,177.0,48.014456018518516,-3533.9700000000007,0.6763367012114346,51
11,0.2361963190184049,33.305001191009694,2521.487272727273,0.5247263118535591,11,0.09090909090909091,26.13015392911248,326.0,107.19560185185185,-3035.699999999999,0.4606106571462637,22
25,0.5223880597014926,0.9083752077416857,995.2392000000001,0.03262704247668581,3,0.3664,17.865918968609012,335.0,15.812881944444445,-2593.8599999999988,0.9690370631353412,100
20,1.0071942446043165,5.96037067933802,273.37350000000004,0.3121116780144482,8,0.15,8.380896591964285,139.0,22.385821759259258,734.0900000000001,0.7758563895307863,49
11,0.25752508361204013,20.755033000586597,1794.669090909091,0.8311405720219363,11,0.09090909090909091,76.95196599268549,299.0,65.3697337962963,-1929.2200000000012,0.46810451442261886,14
7,0.2722222222222222,0.8349398034255912,673.6314285714286,0.024090843159529952,3,0.3877551020408163,0.8753594340885394,180.0,31.3459375,2049.58,0.9743747107091775,79
28,1.3706293706293706,6.17428264585605,378.9453571428571,0.28445125105542074,8,0.17857142857142858,12.833083578425164,143.0,24.72337962962963,447.9299999999994,0.7832076123602987,74
4,0.11914893617021277,49.849349454951216,1607.5300000000002,0.2037588616855062,4,0.25,0.0,235.0,115.27436342592593,-6430.120000000001,0.5027427480835158,9
23,0.5227272727272727,0.8072347503444596,611.1400000000001,0.030390114364310404,3,0.3497164461247637,12.60878897715615,308.0,15.103807870370371,602.0800000000008,0.9717589939314182,84
29,1.5149253731343284,5.153016102676202,406.413448275862,0.22925642063830554,8,0.14863258026159334,9.978951743929855,134.0,19.047199074074076,286.9299999999994,0.8186499134274824,59
3,0.18918918918918917,70.93641213762105,2746.92,0.5178301676291202,3,0.3333333333333333,0.0,111.0,106.14503472222222,1130.7600000000002,0.3449019104055617,30
30,1.0344827586206897,0.8188509593164125,966.216,0.03137686737481839,3,0.33999999999999997,7.854507260265756,203.0,8.566157407407408,3635.84,0.9710921946955693,98
11,0.7064220183486238,8.147786100072189,164.72545454545454,0.28176207883288457,7,0.17355371900826444,20.109159118957788,109.0,27.254444444444445,-249.7800000000001,0.7583088307604628,61
9,0.19325153374233128,49.630466839994575,2528.2166666666667,0.6890268012897901,9,0.1111111111111111,0.0,326.0,136.17628472222222,-21404.71,0.3466404785642165,25
38,1.0310077519379846,0.8604394104554499,1104.7771052631579,0.032733882722139736,3,0.3628808864265928,6.535738761577917,258.0,8.636157407407408,8848.069999999996,0.9697610817584201,75
29,2.388235294117647,3.1243032405755238,740.4206896551723,0.2707187714135949,8,0.1652794292508918,9.39415113637636,85.0,13.57462962962963,2903.119999999999,0.8319635149206766,56
7,0.22072072072072071,32.76184627615348,2342.382857142857,0.3397541626440177,7,0.14285714285714285,38.5787734638493,222.0,92.7871412037037,5596.560000000001,0.5237347035359577,22
12,0.5454545454545454,1.0499426835157344,1007.8583333333331,0.03102150427579745,3,0.375,29.069012460666222,154.0,15.791608796296297,-5953.38,0.9675309932631657,82
19,0.7916666666666666,12.747005825697983,479.4157894736842,0.25316313425658565,8,0.16343490304709138,18.56144243639256,168.0,52.524652777777774,2375.46,0.7150881310268112,43
4,0.12556053811659193,99.6856853735909,2000.9500000000003,0.7055587547579896,4,0.25,0.0,223.0,188.30435185185186,-8003.800000000001,0.2649411429853116,8
25,0.5223880597014926,0.9192269633462208,579.3172,0.030753309882740092,3,0.39840000000000003,9.114732579544215,335.0,15.442928240740741,-683.8899999999994,0.969769269037744,90
35,1.3920454545454546,5.137014077715977,918.5397142857144,0.2759914184218437,8,0.1706122448979592,9.32793066265948,176.0,18.945,2108.91,0.8007219926200482,41
6,0.14840989399293286,46.86999114089847,1740.3316666666663,1.0541264290718697,6,0.16666666666666669,65.35580920618786,283.0,102.56868055555556,1466.9099999999999,0.27907155909357895,18
10,0.2592592592592593,0.42562396347502024,1040.926,0.0290255863490096,3,0.38,12.329275116262647,270.0,30.370474537037037,4308.720000000001,0.9786521560769812,93
19,1.1666666666666667,7.676779384131505,782.7426315789475,0.34719476350559264,8,0.13573407202216065,8.791169383872873,114.0,30.596481481481483,3187.470000000001,0.7404463810812929,67
6,0.19004524886877827,58.354166081404365,2532.548333333333,0.4918932761289792,6,0.16666666666666669,119.99682280977096,221.0,144.78871527777778,-1313.9899999999998,0.3772174943556929,12
42,1.0279720279720281,0.7665137045082823,1497.2619047619048,0.029219528868556065,3,0.33786848072562353,7.058382438801435,286.0,8.748194444444444,3527.5399999999972,0.9729882138437698,96
14,0.5297297297297298,13.257828455023033,343.37928571428574,0.3203905490854909,6,0.2040816326530612,15.79209997728498,185.0,48.39835648148148,1607.0100000000002,0.6843308290337733,58
12,0.2545454545454545,29.848249353817952,2464.8475000000003,0.5994178674217202,12,0.08333333333333334,61.57779547550556,330.0,93.11413194444444,-3929.370000000001,0.45943811528655154,3
42,1.024390243902439,0.8163014778483824,819.8233333333335,0.030508497559779888,3,0.3412698412698413,13.55095799246963,287.0,8.892604166666667,-3255.0599999999995,0.9715544994954646,86
36,2.8314606741573036,2.429603220403249,249.06777777777774,0.29452330945254335,8,0.15123456790123457,4.421446226801718,89.0,7.925486111111111,825.7399999999993,0.833546235843707,66
13,0.3433962264150944,26.480131302794184,2406.174615384615,0.41899613759464094,13,0.07692307692307694,63.67523878741195,265.0,88.55680555555556,12581.130000000005,0.5356916112085433,5
51,1.0229226361031518,0.8580662187821836,1571.253725490196,0.0282480181743275,3,0.33564013840830453,8.172127293163559,349.0,8.637638888888889,10486.580000000002,0.9719750952193256,93
33,1.121359223300971,6.076401172733172,865.9363636363637,0.28657152559863264,8,0.14049586776859505,9.08238109905998,206.0,24.670625,7247.359999999997,0.7837408561659094,45
13,0.2630057803468208,28.02104490761888,2633.868461538461,0.595844890121532,13,0.07692307692307694,90.96138320048932,346.0,92.32869212962963,-3805.949999999999,0.4720308566801537,17
38,1.027027027027027,0.7452439833144805,893.6984210526314,0.025229088379101577,3,0.3365650969529086,12.283883070345011,259.0,8.59898148148148,-6994.500000000002,0.9752755247057074,85
40,3.3333333333333335,2.346684478822189,228.25074999999998,0.29980610934187923,8,0.135,6.13151909439179,84.0,10.218379629629629,-1791.1299999999987,0.8328601125026485,64
5,0.12773722627737225,29.852823433459704,2068.214,0.7716727866674716,5,0.20000000000000004,9.956497236738567,274.0,112.04936342592593,6313.41,0.4159639217655138,38
25,1.0416666666666667,0.8216921534999648,1199.7828,0.0315042796895908,3,0.3472,6.988145635366643,168.0,8.427094907407408,-3403.529999999999,0.9709843843100727,78
40,1.443298969072165,6.918700813845089,321.00175,0.31315060070290257,8,0.14500000000000002,9.708136323993514,194.0,35.74621527777778,2541.71,0.7625891350587949,54
6,0.12138728323699421,48.93665900556422,2566.556666666667,0.35211587102148406,6,0.16666666666666669,82.20215358979405,346.0,127.17690972222222,473.7399999999998,0.4494444689074538,18
42,1.0208333333333333,0.7280413804657473,1315.4007142857142,0.028238745360274445,3,0.33786848072562353,8.344658220014399,288.0,8.329247685185186,2795.5500000000065,0.9740901483167542,88
19,0.6519607843137255,7.203894300224906,372.9015789473684,0.286457529696867,8,0.13573407202216065,11.207392083764109,204.0,29.79162037037037,2011.0700000000006,0.7687223625677281,58
7,0.16225165562913907,45.27132324825777,2324.4014285714284,0.727379239609712,7,0.14285714285714285,0.7783657944248785,302.0,122.70052083333333,1364.5299999999997,0.3521474297177096,37
42,1.024390243902439,0.8341988384126348,1447.5414285714287,0.025731743317682246,3,0.33786848072562353,6.2551924875850755,287.0,8.702569444444444,2584.279999999999,0.9735864571425703,91
18,1.826086956521739,3.903656444718578,645.0022222222223,0.3070766841467711,7,0.17283950617283955,5.722527204661456,69.0,14.018622685185186,3763.999999999998,0.8067913020969468,66
8,0.22489959839357432,30.07556386267917,2484.3725000000004,0.7142612948945034,8,0.125,0.0,249.0,85.62072916666666,-14688.340000000004,0.42825380406316627,22
15,0.5384615384615384,0.5953249311959359,1815.0786666666668,0.0316042771899989,3,0.34222222222222226,7.906035948868816,195.0,15.167685185185185,8982.720000000001,0.9746206765758563,93
31,2.5833333333333335,3.506591186987529,261.77935483870965,0.30471899365602906,7,0.17169614984391257,8.471274720400853,84.0,18.851516203703703,-1124.5200000000004,0.8135084098673155,56
8,0.17073170731707318,38.929160370699144,1762.0187500000002,0.8079661044350945,8,0.125,39.44254394901165,328.0,96.9107986111111,7264.790000000001,0.35946993514630005,37
23,0.5210355987055015,0.7732378968504137,1165.602608695652,0.02714947059509775,3,0.3383742911153119,18.542943260107727,309.0,15.647604166666667,1122.8399999999983,0.9738852481770984,99
15,0.8203125,11.6068079294167,278.7006666666667,0.3502450285573929,7,0.16444444444444448,15.196504193016146,128.0,40.178078703703704,1274.4299999999996,0.6918393989132532,41
9,0.29577464788732394,26.855057816779862,1828.612222222222,0.7028043958051473,9,0.1111111111111111,24.519552016067763,213.0,83.14173611111111,208.6900000000005,0.45186667432886074,2
19,0.5277777777777778,0.8393369299401584,866.7457894736841,0.0290063063768156,3,0.3462603878116343,9.169385355987295,252.0,15.297939814814814,6065.210000000001,0.9719100987300824,93
33,1.3352601156069364,3.6555968809511454,935.1642424242424,0.2915735856558664,8,0.15151515151515155,8.95932654059881,173.0,11.982916666666666,-11343.579999999996,0.8161826642577968,56
10,0.2222222222222222,25.025353185508123,2430.0150000000003,0.5698552434738162,10,0.10000000000000003,28.781369971596703,315.0,85.0646412037037,-6162.290000000001,0.4999191950744505,15
12,0.5526315789473684,0.7624567114403046,1673.2208333333335,0.03427354729598366,3,0.4305555555555556,6.259142107289744,152.0,15.752916666666666,9685.17,0.9706060810325594,92
15,0.75,9.59896780866932,319.8299999999999,0.33235238682225476,7,0.18222222222222226,16.525001320978532,140.0,26.044988425925926,2789.0099999999993,0.721704277990278,68
10,0.2554744525547445,29.79542537176556,2247.1269999999995,0.6121546087696972,10,0.10000000000000003,33.150005001293415,274.0,93.13136574074075,11062.369999999999,0.4562890307489159,14
15,0.5384615384615384,0.7971852945038123,1702.6373333333333,0.025377132026989126,3,0.3333333333333333,16.526449164253844,195.0,14.940289351851852,-1620.7400000000016,0.9743596345169536,80
31,1.2994011976047903,3.8072971731303653,994.1448387096773,0.28051683375733827,8,0.14672216441207075,8.079668895373109,167.0,15.135543981481481,3978.029999999997,0.818103126510892,44
14,0.3356164383561644,23.416969741753434,2661.567142857143,0.6171652533688444,14,0.07142857142857142,50.122718679215936,292.0,82.37195601851852,-1743.300000000003,0.4988091603997335,13
8,0.2679425837320574,0.7973178811407271,763.24375,0.020349141836338475,3,0.34375,13.637848010731842,209.0,30.683865740740742,3083.5299999999997,0.9768146546432445,76
27,1.75,5.075012161933872,102.95666666666666,0.34195021421457417,7,0.1934156378600823,8.12651783982055,108.0,19.774930555555557,-104.4099999999994,0.7773756960793423,70
11,0.22063037249283668,43.950152767503496,3063.37,0.446249801580536,11,0.09090909090909091,74.17530714831223,349.0,148.76538194444444,1518.7499999999982,0.435550343944643,26
6,0.2818791946308725,0.7252649871070455,540.2783333333333,0.0281206962184929,3,0.3333333333333333,0.0,149.0,31.06690972222222,-1037.21,0.9741926986771215,90
23,0.8131313131313131,10.090286098181462,781.6439130434783,0.2950262436590379,6,0.1833648393194707,11.58052104151697,198.0,36.318333333333335,5170.049999999998,0.7294450867624656,46
15,0.42168674698795183,11.37819017665598,2286.208,0.6764713089516001,15,0.06666666666666667,56.086325890145126,249.0,37.717847222222225,-11768.02,0.5963832991136171,4
25,0.5223880597014926,0.8982443847274745,1161.8748,0.024339461391253737,3,0.3664,11.892410415506886,335.0,15.500474537037038,5883.4299999999985,0.9732283404369206,93
25,0.7608695652173914,7.692147103479851,560.9336,0.31906890792355785,8,0.1424,14.404498327907927,230.0,24.26273148148148,1801.4399999999996,0.750327021518262,69
15,0.3008595988538682,27.439661660452124,2670.0773333333336,0.49751767552111315,15,0.06666666666666667,42.47720626312256,349.0,77.38903935185185,-15666.839999999998,0.5043464041514762,33
11,0.25838926174496646,0.6148706089955265,876.061818181818,0.03229268992683039,3,0.371900826446281,45.75962138923208,298.0,30.712465277777778,-2538.6600000000003,0.9739680367196326,79
39,1.6851851851851851,4.374430527137026,500.90461538461545,0.28064613048477366,8,0.16896778435239973,9.654457612729944,162.0,15.41201388888889,2180.42,0.8098068562219309,68
15,0.37906137184115524,16.25137035718297,3076.644,0.4403831902769973,15,0.06666666666666667,21.042431302833798,277.0,48.333761574074074,775.2999999999993,0.6127704599512576,11
25,1.0479041916167664,0.8110180193888024,769.734,0.0313228359355349,3,0.3856,14.74448645940415,167.0,8.611458333333333,-2293.59,0.9712454270510176,78
38,1.5555555555555556,3.569156821919799,416.7463157894737,0.2983657471477537,8,0.149584487534626,9.699506709446048,171.0,12.044502314814816,-6084.639999999999,0.8149313242874848,55
5,0.11400651465798047,60.67687298295251,3175.3479999999995,0.46352626280139375,5,0.20000000000000004,0.0,307.0,154.609375,-2624.08,0.38068873661451114,7
10,0.2611940298507463,1.2520324080717176,1531.305,0.031020984711583086,3,0.42000000000000004,38.32410420450394,268.0,31.59872685185185,36.98999999999978,0.9642898531439781,75
38,3.2048192771084336,1.98858356812795,930.4905263157895,0.2600904992866533,8,0.1301939058171745,3.3084224052689892,83.0,7.029907407407407,-1992.7799999999988,0.8534224335899183,72
13,0.29545454545454547,36.684336235231854,3250.8315384615385,0.4294338605119922,13,0.07692307692307694,105.49479365764708,308.0,131.97912037037037,1904.6299999999937,0.472639428467283,6
12,0.5419354838709678,0.8913410510145259,973.5450000000002,0.031357256151650574,3,0.3472222222222222,10.466350078538065,155.0,15.369618055555556,1951.8599999999997,0.9699274795393584,81
10,0.36082474226804123,29.192679365597414,408.70799999999997,0.24500507810418215,6,0.20000000000000004,50.728961525914315,194.0,94.7237962962963,324.7399999999998,0.5803071514726226,66
7,0.21777777777777776,14.937401989412393,2976.058571428572,0.4888422304658473,7,0.14285714285714285,25.293565817023566,225.0,53.265347222222225,9796.510000000002,0.6105668266083724,21
23,0.5227272727272727,1.0407507923687047,1869.3713043478258,0.025883316707607257,3,0.35727788279773154,15.121835986989351,308.0,15.681944444444444,5866.939999999999,0.9701759749274861,91
14,0.5764705882352942,9.936678166284727,524.4321428571428,0.2532066893375784,7,0.20408163265306123,39.70064859173085,170.0,33.67590277777778,-2658.5499999999993,0.74717636057921,59
13,0.2791411042944785,15.968977690348947,3043.7753846153846,0.5099962162773571,13,0.07692307692307694,73.49834998948653,326.0,49.14263888888889,-16982.52,0.5938755107771154,20
25,0.5239520958083832,0.8616972222934605,1460.8656,0.028488421956040146,3,0.3472,9.955838205216063,334.0,15.709953703703704,10128.32,0.9717994485553947,98
21,1.860759493670886,4.093068051953019,764.1019047619048,0.36255393039997674,8,0.1655328798185941,6.1095263807092435,79.0,16.66810185185185,-1985.5200000000004,0.7841796430998316,74
15,0.31722054380664655,27.942433971804196,2457.4640000000004,0.5494654436202858,15,0.06666666666666667,66.89424467219193,331.0,91.63313657407407,-1809.1399999999994,0.48562716360412006,5
17,0.53125,0.723532892441534,638.3388235294118,0.026380153687574286,3,0.3633217993079585,11.964345460950707,224.0,15.446712962962962,558.7399999999998,0.9750677545201372,79
19,0.8417721518987341,6.383785032999243,867.7963157894737,0.28430894568373244,6,0.1966759002770083,7.701875813750657,158.0,20.552245370370372,5043.609999999999,0.7804288466527288,63
9,0.21000000000000002,40.44450697440905,1736.5055555555555,0.5968550077756142,9,0.1111111111111111,111.37982642932387,300.0,132.09162037037038,-7205.349999999999,0.4051303000289839,26
9,0.2635983263598326,0.6185991785325645,951.3566666666666,0.02276602445923186,3,0.35802469135802467,17.43619841319235,239.0,30.754513888888887,-958.3300000000004,0.9785411656756725,75
19,1.023076923076923,7.057991556247214,727.8447368421052,0.34292102195075047,7,0.1634349030470914,12.26499841507359,130.0,24.10943287037037,-2516.8099999999995,0.7500272704554013,58
11,0.2830882352941177,19.175126177349135,1581.2927272727275,0.8536671879019079,11,0.09090909090909091,56.74510751488545,272.0,58.93800925925926,1574.1000000000004,0.4767900947558501,25
7,0.2737430167597765,0.6937310004807999,717.0557142857143,0.031379713439991984,3,0.3877551020408163,16.77572846252311,179.0,30.983402777777776,719.77,0.9731242362451888,77
28,1.361111111111111,4.437006750295589,670.1907142857143,0.29364174452106917,7,0.16581632653061223,8.549822837456484,144.0,13.679930555555556,2614.960000000001,0.8040303534766655,54
13,0.2563380281690141,33.53869744830653,2668.6546153846157,0.5233987393463785,13,0.07692307692307694,41.20319677854354,355.0,103.05325231481481,7904.049999999999,0.4597252799528669,2
38,1.027027027027027,0.8565565944733757,1774.1755263157895,0.026522874210166497,3,0.3642659279778393,6.375757030156894,259.0,8.702766203703703,14185.589999999997,0.9728388174742759,78
11,0.6814159292035399,9.564384278882537,378.8218181818182,0.19133349993113163,6,0.2231404958677686,14.784071504842654,113.0,25.42246527777778,-1132.2599999999998,0.7764343726574168,65
13,0.2879746835443038,26.813767774766198,2955.169999999999,0.48455184312078314,13,0.07692307692307694,32.04853198621031,316.0,74.05810185185184,318.98999999999796,0.5125372881942469,32
19,0.5277777777777778,0.8101423355797583,1101.852105263158,0.026617594364601548,3,0.4127423822714681,9.782380732527004,252.0,15.289155092592592,5296.089999999999,0.9735450774654031,91
17,0.536036036036036,17.12256230178677,302.5770588235294,0.2876319076868327,7,0.1764705882352941,20.12537382553808,222.0,52.19394675925926,-1800.0099999999989,0.6575689522962058,53
2,0.08484848484848484,0.0,1840.6999999999998,0.5626736809580921,2,0.5,0.0,165.0,165.20121527777778,3681.3999999999996,0.7848419364486463,3
25,0.5223880597014926,0.8903707468785322,1671.6000000000004,0.03112746654021741,3,0.3472,15.52142385765464,335.0,15.836689814814815,5297.119999999999,0.9700545388272475,76
13,0.9191919191919192,8.53472284029302,531.4269230769231,0.33642377066364204,7,0.17159763313609472,16.89762690209122,99.0,26.70480324074074,-2597.77,0.7333588201191057,42
11,0.2627986348122867,22.3309066051875,2309.731818181818,0.5453049207064433,11,0.09090909090909091,34.78527608483342,293.0,64.79099537037037,8887.29,0.5273507718083342,16
51,1.02,0.9214881044500056,518.2260784313726,0.03198733273116052,3,0.3433294886582084,13.254255798756452,350.0,8.460127314814814,-5591.389999999998,0.9691347658765376,86
15,0.9051724137931033,5.27201138979789,672.0013333333334,0.26646637448932986,6,0.19111111111111115,24.34567039981707,116.0,15.874131944444445,-2591.8800000000006,0.8024615446642915,64
2,0.09395973154362416,0.0,2015.3799999999999,1.2356632934680578,2,0.5,0.0,149.0,149.17810185185186,4030.7599999999998,0.6453209587665594,30
17,0.536036036036036,0.7930606527118349,836.3411764705883,0.029498202793120307,3,0.370242214532872,21.088578802732385,222.0,15.362743055555555,-4124.839999999999,0.9724218113977978,78
39,2.333333333333333,3.2208054222323477,866.7864102564102,0.3184389358129174,8,0.13740959894806049,4.863600841531359,117.0,14.854594907407407,4450.3499999999985,0.8127427935990355,65
6,0.1640625,39.00019371138573,2556.5416666666665,0.6869829164666925,6,0.16666666666666669,26.720100306018423,256.0,89.06476851851852,2382.01,0.38781084221161743,35
11,0.25752508361204013,0.9568343144258932,1941.6354545454546,0.02478001232845547,3,0.33884297520661155,16.52253793529273,299.0,31.636469907407406,2024.2499999999982,0.9720666394176296,91
25,2.108433734939759,2.2692008333125995,392.27560000000005,0.321822172677588,8,0.1744,5.507657557234713,83.0,10.070636574074074,671.0299999999997,0.8259884838164241,53
14,0.28160919540229884,23.178135277336644,2590.8835714285715,0.5428283986046968,14,0.07142857142857142,35.59342084377879,348.0,76.76351851851852,3614.5700000000015,0.5214555261646228,26
12,0.5454545454545454,0.7190765056132155,929.3516666666665,0.03677618272210078,3,0.3333333333333333,11.066922491274351,154.0,14.947696759259259,3519.24,0.9701038051118829,95
16,1.0566037735849056,6.252552741814556,1053.155,0.255735101137726,8,0.15625,12.083710136891243,106.0,20.76133101851852,-3588.3399999999992,0.7931071627886654,55
13,0.3053691275167785,22.077140505868133,3029.4830769230766,0.4563948072356962,13,0.07692307692307694,23.680336327249623,298.0,61.94934027777778,23224.379999999997,0.5563177533256823,29
25,0.5223880597014926,0.894271874665688,1294.2916000000002,0.03075270124645912,3,0.3664,12.074728253035428,335.0,15.591527777777777,1197.7300000000032,0.9701730992592859,91
20,1.0687022900763359,5.6531857051601255,595.4869999999999,0.25350094447307636,7,0.17,8.63696473169179,131.0,16.84689814814815,2016.7399999999998,0.8021648017777949,61
12,0.288659793814433,17.403575669297982,2600.173333333333,0.5315672104269478,12,0.08333333333333334,22.32361584716091,291.0,53.92920138888889,-1638.9999999999982,0.5737574305672792,12
21,0.5231316725978647,0.7608585289906535,824.2957142857142,0.02582480137111614,3,0.33786848072562353,10.226212787420197,281.0,15.38238425925926,-829.0699999999997,0.9747313841386025,84
40,1.435897435897436,8.878541607468764,542.097,0.2915788867747744,8,0.1475,12.731117867046873,195.0,56.39445601851852,2289.6600000000053,0.745453331501998,50
7,0.14583333333333334,58.08890526869876,1871.06,0.5072635061170659,7,0.14285714285714285,0.0,336.0,131.47372685185186,-6136.719999999999,0.3731890882178998,0
12,0.2545454545454545,1.1681079890525095,1430.7233333333334,0.02095503168231042,3,0.37500000000000006,16.202343220998706,330.0,31.769467592592594,-72.97999999999956,0.970537182605219,91
17,0.5560747663551402,13.693278369125663,295.1494117647059,0.297241904079207,8,0.14878892733564014,21.063289097943027,214.0,40.84121527777778,220.90000000000055,0.688198827046759,73
4,0.1111111111111111,44.567884790581736,2507.1875,0.48077970642234136,4,0.25,0.0,252.0,126.00934027777778,-5470.549999999999,0.42233422990961206,7
47,1.0185758513931888,0.8436505926591022,1195.7389361702128,0.02574721737660326,3,0.3417836124943413,7.648087233483664,323.0,8.943877314814815,12767.890000000003,0.9734257316300661,95
22,1.375,5.69491812181533,682.5004545454547,0.23793324429765692,8,0.14876033057851237,21.167668477807144,112.0,18.936030092592592,-2275.7300000000014,0.8076772696012604,66
11,0.2950191570881226,20.007097515240275,2293.7018181818185,0.7207992966954421,11,0.09090909090909091,21.31995048600101,261.0,56.99774305555555,13110.140000000001,0.4998295095707681,21
7,0.27071823204419887,0.881664864419909,1945.3014285714287,0.02072597935959015,3,0.3877551020408163,0.09221850937974209,181.0,31.520104166666666,-2022.2700000000004,0.9752630753612721,97
37,1.097457627118644,5.767637241981832,593.1478378378378,0.3013009496514108,8,0.13659605551497445,13.529441337680009,236.0,23.14869212962963,1971.5699999999997,0.7824759365338065,69
10,0.219435736677116,24.700466414955855,2730.564,0.32081819585772975,10,0.10000000000000003,0.0,319.0,69.6523611111111,-12983.820000000003,0.5822571582123542,33
25,0.5223880597014926,0.7720770361299788,1485.3256,0.027772979159072446,3,0.3344,7.401334781819627,335.0,15.51388888888889,10185.460000000003,0.9736007943000563,98
34,2.674157303370787,2.7108359040948256,564.9520588235295,0.24816701780097453,8,0.14186851211072665,7.2372135702866505,89.0,10.655289351851852,-2026.2299999999996,0.8469153780092832,40
8,0.16326530612244897,25.600871876095958,1524.9299999999998,0.9021211294065719,8,0.125,109.34750517728774,343.0,83.0393287037037,-327.1200000000008,0.41584419700256825,27
47,1.0249221183800623,0.8040799898194287,1937.5940425531915,0.026446925278482608,3,0.34631054775916703,5.706178293034097,321.0,8.768414351851852,9730.080000000002,0.9737265346733817,94
23,1.1838235294117647,5.026354915044678,637.9352173913043,0.24919399243784077,7,0.1493383742911153,11.112467869106759,136.0,16.974282407407408,-1400.1499999999987,0.8125835875346011,64
13,0.2653061224489796,27.93917395889833,2017.9453846153847,0.8223153218602166,13,0.07692307692307694,30.124971317470866,343.0,90.45966435185186,6744.550000000001,0.41672596599086387,37
8,0.26666666666666666,0.8937626160920717,1647.74,0.02940312711123389,3,0.46875,13.742329226167914,210.0,31.24388888888889,6461.5599999999995,0.9708361308231109,82
37,1.6818181818181819,3.8089241604406694,803.1421621621623,0.3032480336322827,8,0.14097881665449233,9.890884929798544,154.0,13.025729166666666,-8000.68,0.8095905895529277,60
14,0.2996941896024465,30.288990120728354,2994.165,0.41745114987656745,14,0.07142857142857142,52.82722858494337,327.0,106.56327546296296,11428.75,0.5115381703982869,0
7,0.2737430167597765,0.5545093284006916,1575.2085714285713,0.025249663469598282,3,0.346938775510204,0.9791873939243573,179.0,30.467372685185186,-1658.7000000000007,0.9783762869048062,90
22,0.7979274611398963,8.808282738244571,376.19772727272726,0.34005189708806793,8,0.15289256198347106,24.42646672443277,193.0,28.425127314814816,-2007.63,0.728650509933995,50
